league,season,round,kickoff,home,away,home_sofa,away_sofa,h_gf,h_ga,h_sotf,h_sota,h_poss,h_form,a_gf,a_ga,a_sotf,a_sota,a_poss,a_form,h2h,home_adv_team,home_adv_league,gd_gap,form_gap,h_elo,a_elo,elo_diff,h_n,a_n
Premier League,2026,6,1791631800,Arsenal,Leeds,Arsenal,Leeds United,1.6000,0.8000,4.8000,2.8000,59.4000,12.0000,1.4000,0.6000,3.6000,4.2000,45.0000,9.0000,0.6000,0.3312,0.3158,0.0000,3.0000,1802.1345,1563.4513,238.6832,5,5
Premier League,2026,6,1791640800,Aston Villa,Brentford,Aston Villa,Brentford,0.8000,1.8000,2.4000,5.2000,46.0000,4.0000,2.0000,0.8000,4.6000,4.6000,45.0000,9.0000,0.4444,0.2759,0.3158,-2.2000,-5.0000,1601.2853,1613.3462,-12.0609,5,5
Premier League,2026,6,1791640800,Chelsea,Bournemouth,Chelsea,Bournemouth,2.0000,2.4000,5.2000,6.4000,47.4000,7.0000,1.2000,1.6000,5.2000,4.0000,47.6000,3.0000,0.3750,0.0345,0.3158,0.0000,4.0000,1576.3695,1616.4357,-40.0661,5,5
Premier League,2026,6,1791640800,Ipswich,Fulham,Ipswich Town,Fulham,1.4000,2.2000,4.6000,5.6000,45.0000,6.0000,1.0000,1.6000,4.4000,4.8000,54.2000,2.0000,0.2000,-0.2857,0.3158,-0.2000,4.0000,1398.4918,1534.7207,-136.2290,5,5
Premier League,2026,6,1791640800,Sunderland,Brighton,Sunderland,Brighton & Hove Albion,1.2000,2.0000,5.0000,3.2000,48.4000,4.0000,3.2000,1.0000,5.8000,3.8000,64.6000,10.0000,0.2000,0.3676,0.3158,-3.0000,-6.0000,1506.3662,1642.2621,-135.8959,5,5
Premier League,2026,6,1791649800,Man United,Tottenham,Manchester United,Tottenham Hotspur,1.6000,1.6000,5.6000,4.6000,60.0000,5.0000,0.4000,1.6000,3.8000,4.2000,60.6000,2.0000,0.2500,0.4368,0.3158,1.2000,3.0000,1647.6936,1458.9639,188.7298,5,5
Premier League,2026,6,1791723600,Crystal Palace,Nott'm Forest,Crystal Palace,Nottingham Forest,1.2000,2.2000,3.6000,5.6000,43.4000,4.0000,0.8000,1.0000,3.4000,3.0000,47.2000,5.0000,0.1250,-0.0690,0.3158,-0.8000,-1.0000,1516.7349,1561.3019,-44.5670,5,5
Premier League,2026,6,1791723600,Hull,Everton,Hull City,Everton,1.2000,0.8000,3.8000,4.2000,32.2000,8.0000,1.2000,0.6000,4.6000,3.6000,43.6000,9.0000,0.3333,0.1333,0.3158,-0.2000,-1.0000,1445.3700,1568.7293,-123.3593,5,5
Premier League,2026,6,1791732600,Liverpool,Man City,Liverpool FC,Manchester City,1.4000,0.8000,4.8000,3.6000,59.0000,9.0000,2.6000,1.0000,5.4000,4.0000,63.2000,15.0000,0.3333,0.2366,0.3158,-1.0000,-6.0000,1677.7361,1813.2945,-135.5584,5,5
Premier League,2026,6,1791831600,Coventry,Newcastle,Coventry City,Newcastle United,0.2000,2.0000,3.2000,4.4000,39.2000,3.0000,1.8000,1.8000,3.6000,5.6000,49.0000,8.0000,0.3333,-0.2000,0.3158,-1.8000,-5.0000,1416.3190,1580.2390,-163.9200,5,5
La Liga,2026,8,1791572400,Malaga,Espanol,Málaga CF,Espanyol,0.4000,1.8000,2.2000,6.0000,50.8000,2.0000,1.2000,1.6000,3.6000,5.0000,51.0000,4.0000,0.3333,0.1080,0.6158,-1.0000,-2.0000,1365.5417,1461.9792,-96.4375,5,5
La Liga,2026,8,1791633600,Vallecano,Ath Bilbao,Rayo Vallecano,Athletic Club,1.8000,2.6000,5.2000,6.4000,48.4000,7.0000,1.2000,0.6000,4.0000,3.6000,49.8000,8.0000,0.1111,0.6552,0.6158,-1.4000,-1.0000,1540.1989,1527.1264,13.0725,5,5
La Liga,2026,8,1791641700,Alaves,Ath Madrid,Deportivo Alavés,Atlético Madrid,1.4000,1.0000,4.0000,4.8000,38.4000,7.0000,2.4000,1.0000,7.0000,3.2000,59.0000,12.0000,0.2222,0.5387,0.6158,-1.0000,-5.0000,1503.8407,1676.4410,-172.6003,5,5
La Liga,2026,8,1791649800,Barcelona,Getafe,FC Barcelona,Getafe,4.8000,1.4000,8.2000,4.0000,71.0000,15.0000,0.6000,0.8000,3.2000,4.0000,38.0000,5.0000,0.6250,0.6207,0.6158,3.6000,10.0000,1872.2002,1490.2491,381.9511,5,5
La Liga,2026,8,1791658800,Real Madrid,Villarreal,Real Madrid,Villarreal,2.4000,1.2000,6.8000,5.0000,50.6000,9.0000,1.8000,1.6000,6.6000,3.8000,65.2000,6.0000,0.6667,0.5172,0.6158,1.0000,3.0000,1777.2267,1624.1823,153.0444,5,5
La Liga,2026,8,1791728100,Sociedad,La Coruna,Real Sociedad,Deportivo de A Coruña,1.6000,1.6000,6.0000,5.0000,48.6000,10.0000,1.6000,1.2000,4.0000,4.6000,48.4000,8.0000,0.3333,0.2414,0.6158,-0.4000,2.0000,1517.2088,1432.8565,84.3523,5,5
La Liga,2026,8,1791736200,Betis,Osasuna,Real Betis,Osasuna,1.4000,1.4000,7.0000,7.0000,54.4000,10.0000,0.8000,2.4000,3.0000,4.8000,45.0000,4.0000,0.5556,0.3931,0.6158,1.6000,6.0000,1633.2188,1464.0119,169.2069,5,5
La Liga,2026,8,1791745200,Elche,Celta,Elche,Celta Vigo,2.0000,2.2000,5.4000,4.6000,48.4000,4.0000,1.4000,0.8000,4.2000,4.2000,52.0000,6.0000,0.4000,0.5824,0.6158,-0.8000,-2.0000,1458.5031,1529.4908,-70.9878,5,5
La Liga,2026,8,1791745200,Santander,Valencia,Real Racing Club,Valencia,1.8000,3.6000,4.4000,8.6000,47.6000,6.0000,0.8000,2.4000,2.8000,5.4000,49.4000,3.0000,0.3333,0.6049,0.6158,-0.2000,3.0000,1426.6346,1503.5209,-76.8863,5,5
La Liga,2026,8,1791831600,Levante,Sevilla,Levante UD,Sevilla,1.6000,1.8000,4.4000,5.8000,38.8000,5.0000,1.0000,1.4000,4.2000,3.6000,42.0000,7.0000,0.6000,0.5278,0.6158,0.2000,-2.0000,1483.3491,1496.0251,-12.6761,5,5
