event_id,home_possession,away_possession,home_xg,away_xg
8280660,37.0,63.0,,
8280661,28.0,72.0,,
8280662,54.0,46.0,,
8280663,37.0,63.0,,
8280664,57.0,43.0,,
8280665,36.0,64.0,,
8280666,44.0,56.0,,
8280667,51.0,49.0,,
8280668,56.0,44.0,,
8280674,47.0,53.0,,
8280686,48.0,52.0,,
8280687,70.0,30.0,,
8280688,45.0,55.0,,
8280689,47.0,53.0,,
8280690,54.0,46.0,,
8280691,41.0,59.0,,
8280692,63.0,37.0,,
8280693,35.0,65.0,,
8280694,43.0,57.0,,
8280695,67.0,33.0,,
8280696,61.0,39.0,,
8280697,25.0,75.0,,
8280698,56.0,44.0,,
8280699,66.0,34.0,,
8280700,50.0,50.0,,
8280701,50.0,50.0,,
8280702,48.0,52.0,,
8280703,39.0,61.0,,
8280704,34.0,66.0,,
8280705,57.0,43.0,,
8280706,38.0,62.0,,
8280707,56.0,44.0,,
8280708,62.0,38.0,,
8280709,50.0,50.0,,
8280710,58.0,42.0,,
8280711,51.0,49.0,,
8280712,45.0,55.0,,
8280713,62.0,38.0,,
8280714,61.0,39.0,,
8280715,50.0,50.0,,
8280716,47.0,53.0,,
8280717,38.0,62.0,,
8280718,38.0,62.0,,
8280719,51.0,49.0,,
8280720,54.0,46.0,,
8280721,55.0,45.0,,
8280722,64.0,36.0,,
8280723,49.0,51.0,,
8280724,48.0,52.0,,
8280725,49.0,51.0,,
8280726,56.0,44.0,,
8280727,26.0,74.0,,
8280728,49.0,51.0,,
8280729,55.0,45.0,,
8280730,58.0,42.0,,
8280731,65.0,35.0,,
8280732,50.0,50.0,,
8280733,44.0,56.0,,
8280734,37.0,63.0,,
8280735,47.0,53.0,,
8280736,59.0,41.0,,
8280737,58.0,42.0,,
8280738,47.0,53.0,,
8280739,48.0,52.0,,
8280740,39.0,61.0,,
8280741,63.0,37.0,,
8280742,57.0,43.0,,
8280743,60.0,40.0,,
8280744,48.0,52.0,,
8280745,62.0,38.0,,
8280746,46.0,54.0,,
8280747,39.0,61.0,,
8280748,54.0,46.0,,
8280749,58.0,42.0,,
8280750,51.0,49.0,,
8280751,43.0,57.0,,
8280752,64.0,36.0,,
8280753,35.0,65.0,,
8280754,45.0,55.0,,
8280755,56.0,44.0,,
8280756,57.0,43.0,,
8280757,66.0,34.0,,
8280758,55.0,45.0,,
8280759,54.0,46.0,,
8280760,55.0,45.0,,
8280761,64.0,36.0,,
8280763,37.0,63.0,,
8280764,44.0,56.0,,
8280765,51.0,49.0,,
8280766,42.0,58.0,,
8280767,35.0,65.0,,
8280768,65.0,35.0,,
8280769,45.0,55.0,,
8280770,45.0,55.0,,
8280771,41.0,59.0,,
8280772,50.0,50.0,,
8280773,36.0,64.0,,
8280774,50.0,50.0,,
8280775,60.0,40.0,,
8280776,43.0,57.0,,
8280777,43.0,57.0,,
8280778,52.0,48.0,,
8280779,45.0,55.0,,
8280780,43.0,57.0,,
8280781,65.0,35.0,,
8280782,43.0,57.0,,
8280783,38.0,62.0,,
8280784,62.0,38.0,,
8280785,45.0,55.0,,
8280786,61.0,39.0,,
8280787,46.0,54.0,,
8280788,63.0,37.0,,
8280789,61.0,39.0,,
8280790,66.0,34.0,,
8280791,34.0,66.0,,
8280792,45.0,55.0,,
8280793,48.0,52.0,,
8280794,45.0,55.0,,
8280795,35.0,65.0,,
8280796,38.0,62.0,,
8280797,63.0,37.0,,
8280798,54.0,46.0,,
8280799,60.0,40.0,,
8280800,45.0,55.0,,
8280801,49.0,51.0,,
8280802,48.0,52.0,,
8280803,41.0,59.0,,
8280804,56.0,44.0,,
8280805,53.0,47.0,,
8280806,56.0,44.0,,
8280807,56.0,44.0,,
8280808,54.0,46.0,,
8280809,34.0,66.0,,
8280810,58.0,42.0,,
8280811,52.0,48.0,,
8280812,46.0,54.0,,
8280813,57.0,43.0,,
8280814,58.0,42.0,,
8280815,35.0,65.0,,
8280816,62.0,38.0,,
8280817,34.0,66.0,,
8280818,53.0,47.0,,
8280819,48.0,52.0,,
8280820,58.0,42.0,,
8280821,23.0,77.0,,
8280822,50.0,50.0,,
8280823,58.0,42.0,,
8280824,61.0,39.0,,
8280825,40.0,60.0,,
8280826,53.0,47.0,,
8280827,59.0,41.0,,
8280828,49.0,51.0,,
8280829,39.0,61.0,,
8280830,49.0,51.0,,
8280831,60.0,40.0,,
8280832,33.0,67.0,,
8280833,33.0,67.0,,
8280834,51.0,49.0,,
8280835,53.0,47.0,,
8280836,53.0,47.0,,
8280837,68.0,32.0,,
8280838,46.0,54.0,,
8280839,38.0,62.0,,
8280840,62.0,38.0,,
8280841,41.0,59.0,,
8280842,39.0,61.0,,
8280843,62.0,38.0,,
8280844,45.0,55.0,,
8280845,48.0,52.0,,
8280846,65.0,35.0,,
8280847,41.0,59.0,,
8280848,69.0,31.0,,
8280849,37.0,63.0,,
8280850,53.0,47.0,,
8280851,67.0,33.0,,
8280852,35.0,65.0,,
8280853,50.0,50.0,,
8280854,45.0,55.0,,
8280855,72.0,28.0,,
8280856,67.0,33.0,,
8280857,47.0,53.0,,
8280858,42.0,58.0,,
8280859,52.0,48.0,,
8280860,62.0,38.0,,
8280861,48.0,52.0,,
8280862,63.0,37.0,,
8280863,65.0,35.0,,
8280864,47.0,53.0,,
8280865,82.0,18.0,,
8280866,64.0,36.0,,
8280867,56.0,44.0,,
8280868,47.0,53.0,,
8280869,31.0,69.0,,
8280870,58.0,42.0,,
8280871,64.0,36.0,,
8280873,27.0,73.0,,
8280874,61.0,39.0,,
8280875,33.0,67.0,,
8280876,69.0,31.0,,
8280877,40.0,60.0,,
8280878,44.0,56.0,,
8280879,68.0,32.0,,
8280880,54.0,46.0,,
8280881,37.0,63.0,,
8280882,55.0,45.0,,
8280883,51.0,49.0,,
8280884,66.0,34.0,,
8280885,70.0,30.0,,
8280886,56.0,44.0,,
8280887,56.0,44.0,,
8280888,54.0,46.0,,
8280889,62.0,38.0,,
8280890,50.0,50.0,,
8280891,55.0,45.0,,
8280892,43.0,57.0,,
8280893,38.0,62.0,,
8280894,30.0,70.0,,
8280895,46.0,54.0,,
8280896,39.0,61.0,,
8280897,52.0,48.0,,
8280898,53.0,47.0,,
8280899,65.0,35.0,,
8280900,74.0,26.0,,
8280901,38.0,62.0,,
8280902,67.0,33.0,,
8280903,50.0,50.0,,
8280904,45.0,55.0,,
8280905,39.0,61.0,,
8280906,44.0,56.0,,
8280907,35.0,65.0,,
8280908,63.0,37.0,,
8280909,35.0,65.0,,
8280910,44.0,56.0,,
8280911,67.0,33.0,,
8280912,53.0,47.0,,
8280913,66.0,34.0,,
8280914,71.0,29.0,,
8280915,51.0,49.0,,
8280916,47.0,53.0,,
8280918,34.0,66.0,,
8280919,46.0,54.0,,
8280920,53.0,47.0,,
8280921,49.0,51.0,,
8280922,44.0,56.0,,
8280923,76.0,24.0,,
8280924,65.0,35.0,,
8280925,55.0,45.0,,
8280926,44.0,56.0,,
8280927,64.0,36.0,,
8280928,38.0,62.0,,
8280929,44.0,56.0,,
8280930,65.0,35.0,,
8280931,62.0,38.0,,
8280932,46.0,54.0,,
8280933,37.0,63.0,,
8280934,49.0,51.0,,
8280935,55.0,45.0,,
8280936,41.0,59.0,,
8280937,69.0,31.0,,
8280938,41.0,59.0,,
8280939,43.0,57.0,,
8280941,70.0,30.0,,
8281053,42.0,58.0,,
8281054,57.0,43.0,,
8281055,62.0,38.0,,
8281056,54.0,46.0,,
8281057,54.0,46.0,,
8281059,68.0,32.0,,
8465034,52.0,48.0,,
8589641,57.0,43.0,,
8675178,46.0,54.0,,
8675179,53.0,47.0,,
8675180,68.0,32.0,,
8675181,55.0,45.0,,
8675182,56.0,44.0,,
8675183,50.0,50.0,,
8675184,65.0,35.0,,
8675185,69.0,31.0,,
8675186,41.0,59.0,,
8675187,35.0,65.0,,
8678074,48.0,52.0,,
8678075,48.0,52.0,,
8678076,75.0,25.0,,
8678077,51.0,49.0,,
8678078,40.0,60.0,,
8678079,64.0,36.0,,
8678080,80.0,20.0,,
8678081,42.0,58.0,,
8678082,35.0,65.0,,
8678083,69.0,31.0,,
8678380,43.0,57.0,,
8678381,54.0,46.0,,
8678382,73.0,27.0,,
8678383,51.0,49.0,,
8678384,38.0,62.0,,
8678385,61.0,39.0,,
8678386,46.0,54.0,,
8678387,51.0,49.0,,
8678388,55.0,45.0,,
8678389,36.0,64.0,,
8678392,52.0,48.0,,
8678393,34.0,66.0,,
8678394,46.0,54.0,,
8678395,59.0,41.0,,
8678396,65.0,35.0,,
8678397,73.0,27.0,,
8678398,41.0,59.0,,
8678399,59.0,41.0,,
8678400,55.0,45.0,,
8678401,57.0,43.0,,
8678402,37.0,63.0,,
8678403,57.0,43.0,,
8678404,58.0,42.0,,
8678405,70.0,30.0,,
8678406,31.0,69.0,,
8678407,40.0,60.0,,
8678408,52.0,48.0,,
8678409,75.0,25.0,,
8678410,47.0,53.0,,
8678411,32.0,68.0,,
8678413,40.0,60.0,,
8678414,73.0,27.0,,
8678415,42.0,58.0,,
8678416,47.0,53.0,,
8678417,55.0,45.0,,
8678418,55.0,45.0,,
8678419,63.0,37.0,,
8678420,68.0,32.0,,
8678421,46.0,54.0,,
8678422,52.0,48.0,,
8678427,63.0,37.0,,
8678428,49.0,51.0,,
8678429,32.0,68.0,,
8678430,54.0,46.0,,
8678431,45.0,55.0,,
8678432,48.0,52.0,,
8678433,44.0,56.0,,
8678434,63.0,37.0,,
8678435,53.0,47.0,,
8678436,46.0,54.0,,
8678452,59.0,41.0,,
8678453,41.0,59.0,,
8678454,51.0,49.0,,
8678455,57.0,43.0,,
8678456,46.0,54.0,,
8678457,74.0,26.0,,
8678458,71.0,29.0,,
8678459,33.0,67.0,,
8678460,59.0,41.0,,
8678461,69.0,31.0,,
8678468,46.0,54.0,,
8678469,38.0,62.0,,
8678470,52.0,48.0,,
8678471,72.0,28.0,,
8678472,32.0,68.0,,
8678473,63.0,37.0,,
8678474,35.0,65.0,,
8678475,38.0,62.0,,
8678476,53.0,47.0,,
8678477,56.0,44.0,,
8678482,57.0,43.0,,
8678483,80.0,20.0,,
8678484,53.0,47.0,,
8678485,61.0,39.0,,
8678486,38.0,62.0,,
8678487,50.0,50.0,,
8678488,48.0,52.0,,
8678489,73.0,27.0,,
8678490,37.0,63.0,,
8678491,57.0,43.0,,
8678501,57.0,43.0,,
8678502,43.0,57.0,,
8678503,36.0,64.0,,
8678504,44.0,56.0,,
8678505,50.0,50.0,,
8678506,35.0,65.0,,
8678507,29.0,71.0,,
8678508,62.0,38.0,,
8678509,69.0,31.0,,
8678510,32.0,68.0,,
8966251,50.0,50.0,,
8966252,42.0,58.0,,
8966257,66.0,34.0,,
8966258,53.0,47.0,,
8966259,32.0,68.0,,
8966260,46.0,54.0,,
8966261,49.0,51.0,,
8966263,48.0,52.0,,
8966264,55.0,45.0,,
8966265,57.0,43.0,,
8966266,44.0,56.0,,
8966267,40.0,60.0,,
8966268,61.0,39.0,,
8966269,56.0,44.0,,
8966270,72.0,28.0,,
8966272,51.0,49.0,,
8966273,56.0,44.0,,
8966289,60.0,40.0,,
8966290,59.0,41.0,,
8966293,40.0,60.0,,
8966295,46.0,54.0,,
8966296,72.0,28.0,,
8966297,52.0,48.0,,
8966298,46.0,54.0,,
8966299,60.0,40.0,,
8966300,29.0,71.0,,
8966301,47.0,53.0,,
8966302,40.0,60.0,,
8966303,27.0,73.0,,
8966304,52.0,48.0,,
8966305,56.0,44.0,,
8966306,51.0,49.0,,
8966307,52.0,48.0,,
8966308,59.0,41.0,,
8966309,59.0,41.0,,
8966310,75.0,25.0,,
8966311,42.0,58.0,,
8966312,66.0,34.0,,
8966314,53.0,47.0,,
8966315,65.0,35.0,,
8966316,54.0,46.0,,
8966317,54.0,46.0,,
8966318,39.0,61.0,,
8966319,52.0,48.0,,
8966320,60.0,40.0,,
8966322,40.0,60.0,,
8966323,54.0,46.0,,
8966327,24.0,76.0,,
8966328,37.0,63.0,,
8966329,40.0,60.0,,
8966331,47.0,53.0,,
8966332,47.0,53.0,,
8966334,54.0,46.0,,
8966336,41.0,59.0,,
8966337,53.0,47.0,,
8966339,62.0,38.0,,
8966340,30.0,70.0,,
8966341,21.0,79.0,,
8966342,47.0,53.0,,
8966345,73.0,27.0,,
8966347,44.0,56.0,,
8966349,66.0,34.0,,
8966350,45.0,55.0,,
8966351,65.0,35.0,,
8966354,24.0,76.0,,
8966355,38.0,62.0,,
8966357,58.0,42.0,,
8966358,63.0,37.0,,
8966360,44.0,56.0,,
8966361,59.0,41.0,,
8966506,41.0,59.0,,
8966507,45.0,55.0,,
8966508,51.0,49.0,,
8966509,51.0,49.0,,
8966517,71.0,29.0,,
8966523,55.0,45.0,,
14023926,45.0,55.0,1.36,1.17
14023931,54.0,46.0,3.23,0.37
14023932,61.0,39.0,0.7,1.1
14023933,60.0,40.0,0.82,0.47
14023934,44.0,56.0,1.17,1.45
14023940,48.0,52.0,1.64,0.57
14023941,55.0,45.0,1.3,0.79
14023945,48.0,52.0,2.27,0.92
14023947,60.0,40.0,0.89,1.09
14023949,32.0,68.0,3.16,1.53
14023951,58.0,42.0,1.72,0.66
14023969,42.0,58.0,3.27,0.65
14023970,62.0,38.0,1.71,1.42
14023971,41.0,59.0,1.09,1.07
14023972,54.0,46.0,1.32,0.79
14023973,54.0,46.0,2.28,0.88
14023974,33.0,67.0,1.49,2.0
14023975,41.0,59.0,0.97,2.25
14023976,49.0,51.0,1.84,1.86
14023977,66.0,34.0,1.03,2.13
14023978,61.0,39.0,2.16,0.38
14023979,39.0,61.0,0.86,1.03
14023980,48.0,52.0,1.92,0.4
14023981,40.0,60.0,1.09,1.78
14023982,70.0,30.0,1.15,0.86
14023983,45.0,55.0,2.48,1.48
14023984,70.0,30.0,2.12,0.97
14023985,34.0,66.0,0.44,2.56
14023986,43.0,57.0,0.78,3.6
14023987,65.0,35.0,2.7,1.05
14023988,38.0,62.0,1.4,2.55
14023990,67.0,33.0,1.39,1.41
14023991,67.0,33.0,0.67,1.12
14023992,63.0,37.0,1.7,1.18
14023993,29.0,71.0,0.54,2.03
14023994,52.0,48.0,1.1,1.0
14023995,46.0,54.0,0.95,1.03
14023996,48.0,52.0,0.9,1.68
14023997,55.0,45.0,1.8,1.77
14023998,37.0,63.0,1.14,2.29
14023999,41.0,59.0,2.56,1.13
14024000,53.0,47.0,1.59,1.04
14024001,53.0,47.0,2.14,0.37
14024002,50.0,50.0,0.88,1.93
14024003,35.0,65.0,0.63,3.36
14024004,39.0,61.0,1.18,0.93
14024005,53.0,47.0,1.15,2.26
14024006,52.0,48.0,1.6,1.09
14024007,67.0,33.0,1.99,0.85
14024008,61.0,39.0,2.0,1.63
14024010,55.0,45.0,1.35,0.62
14024011,53.0,47.0,1.85,1.88
14024012,40.0,60.0,0.76,2.07
14024013,47.0,53.0,1.19,1.73
14024014,59.0,41.0,1.69,0.85
14024015,47.0,53.0,2.17,1.03
14024016,56.0,44.0,3.15,1.24
14024017,36.0,64.0,1.18,0.93
14024018,57.0,43.0,0.52,0.46
14024020,59.0,41.0,1.25,1.34
14024021,60.0,40.0,1.29,2.44
14024022,41.0,59.0,0.7,0.92
14024023,50.0,50.0,2.08,0.89
14025013,61.0,39.0,2.21,1.7
14025014,52.0,48.0,1.7,1.61
14025015,42.0,58.0,1.27,1.25
14025016,40.0,60.0,0.2,1.43
14025017,49.0,51.0,2.35,0.44
14025018,43.0,57.0,0.29,1.6
14025019,48.0,52.0,0.57,0.31
14025020,50.0,50.0,1.48,0.76
14025021,52.0,48.0,2.32,1.19
14025022,55.0,45.0,2.84,1.53
14025023,64.0,36.0,3.31,0.17
14025024,53.0,47.0,1.27,2.57
14025025,41.0,59.0,1.15,1.02
14025026,52.0,48.0,1.33,0.84
14025027,51.0,49.0,3.24,1.72
14025028,54.0,46.0,1.83,1.49
14025029,44.0,56.0,2.35,0.59
14025030,50.0,50.0,2.84,1.73
14025031,48.0,52.0,1.43,0.77
14025032,59.0,41.0,1.57,0.29
14025033,42.0,58.0,0.75,0.39
14025034,54.0,46.0,0.73,0.61
14025035,44.0,56.0,0.79,1.45
14025036,56.0,44.0,2.82,0.57
14025037,35.0,65.0,0.24,2.55
14025038,37.0,63.0,0.75,0.56
14025039,59.0,41.0,1.36,1.62
14025040,54.0,46.0,1.59,2.99
14025041,51.0,49.0,1.19,0.36
14025042,42.0,58.0,1.09,0.82
14025043,50.0,50.0,1.44,0.4
14025044,60.0,40.0,1.65,0.81
14025045,45.0,55.0,0.49,1.0
14025046,45.0,55.0,0.89,0.73
14025047,67.0,33.0,2.32,0.94
14025048,49.0,51.0,1.51,0.61
14025049,55.0,45.0,1.2,2.39
14025050,42.0,58.0,0.56,2.47
14025051,46.0,54.0,2.55,0.69
14025052,63.0,37.0,2.44,1.89
14025053,72.0,28.0,1.6,0.66
14025054,35.0,65.0,0.44,1.91
14025055,47.0,53.0,0.95,1.38
14025056,61.0,39.0,1.52,1.31
14025057,55.0,45.0,0.92,0.63
14025058,41.0,59.0,1.5,1.74
14025059,54.0,46.0,2.13,0.8
14025060,43.0,57.0,3.02,1.06
14025061,60.0,40.0,2.55,1.16
14025062,59.0,41.0,1.29,0.46
14025063,76.0,24.0,4.05,0.65
14025064,63.0,37.0,1.44,0.51
14025065,68.0,32.0,2.88,0.17
14025066,57.0,43.0,1.93,0.07
14025068,24.0,76.0,1.21,1.19
14025069,64.0,36.0,1.22,1.91
14025070,46.0,54.0,1.59,1.52
14025071,42.0,58.0,1.0,0.77
14025072,44.0,56.0,0.44,1.72
14025073,46.0,54.0,1.43,0.39
14025074,42.0,58.0,1.1,0.93
14025075,57.0,43.0,2.16,0.17
14025076,73.0,27.0,3.18,0.4
14025077,42.0,58.0,1.6,2.43
14025078,48.0,52.0,1.79,1.58
14025079,32.0,68.0,2.27,0.45
14025080,52.0,48.0,1.76,1.63
14025081,75.0,25.0,1.93,1.58
14025082,40.0,60.0,0.34,2.1
14025083,61.0,39.0,1.55,1.11
14025085,57.0,43.0,1.71,0.61
14025087,33.0,67.0,2.24,2.49
14025088,41.0,59.0,0.73,2.74
14025089,62.0,38.0,1.44,2.85
14025090,48.0,52.0,1.79,1.27
14025091,58.0,42.0,1.14,2.65
14025092,33.0,67.0,0.29,0.94
14025093,52.0,48.0,0.94,0.49
14025094,36.0,64.0,2.3,1.82
14025095,33.0,67.0,2.35,0.93
14025096,52.0,48.0,3.06,0.95
14025097,54.0,46.0,2.35,1.02
14025098,56.0,44.0,1.19,0.71
14025099,38.0,62.0,0.79,1.26
14025100,43.0,57.0,0.69,0.46
14025101,66.0,34.0,1.81,0.78
14025102,44.0,56.0,1.83,1.19
14025103,53.0,47.0,0.52,0.49
14025104,38.0,62.0,1.44,2.05
14025105,49.0,51.0,0.99,1.91
14025106,62.0,38.0,3.63,1.2
14025107,43.0,57.0,1.77,2.2
14025108,62.0,38.0,3.1,1.54
14025109,58.0,42.0,0.73,2.42
14025111,52.0,48.0,0.89,2.0
14025112,54.0,46.0,1.54,1.2
14025113,49.0,51.0,1.05,1.59
14025114,43.0,57.0,1.28,1.7
14025115,61.0,39.0,0.19,1.59
14025116,64.0,36.0,0.86,0.61
14025117,63.0,37.0,0.86,0.45
14025118,59.0,41.0,1.11,1.93
14025119,61.0,39.0,2.18,1.16
14025120,44.0,56.0,0.29,1.24
14025121,51.0,49.0,1.45,0.62
14025122,47.0,53.0,1.52,0.67
14025123,55.0,45.0,0.5,1.44
14025124,54.0,46.0,1.84,0.2
14025125,72.0,28.0,2.4,0.38
14025126,62.0,38.0,1.77,0.35
14025127,34.0,66.0,1.43,1.25
14025128,54.0,46.0,1.44,1.2
14025129,56.0,44.0,2.21,2.41
14025130,19.0,81.0,0.13,2.65
14025131,71.0,29.0,2.7,1.12
14025132,58.0,42.0,0.95,0.59
14025133,56.0,44.0,1.77,0.36
14025134,50.0,50.0,0.15,2.19
14025135,57.0,43.0,0.91,2.48
14025136,48.0,52.0,2.08,0.54
14025137,54.0,46.0,2.28,0.36
14025138,29.0,71.0,2.79,0.96
14025139,54.0,46.0,0.85,0.79
14025140,42.0,58.0,1.79,1.94
14025141,53.0,47.0,2.04,0.75
14025142,45.0,55.0,2.63,1.52
14025143,33.0,67.0,0.49,1.9
14025144,50.0,50.0,0.91,0.74
14025145,57.0,43.0,1.55,0.5
14025147,68.0,32.0,1.64,0.42
14025148,36.0,64.0,0.6,1.29
14025149,40.0,60.0,1.05,2.08
14025150,65.0,35.0,1.8,0.79
14025151,56.0,44.0,0.46,0.14
14025152,51.0,49.0,1.38,1.36
14025153,39.0,61.0,1.42,0.92
14025154,67.0,33.0,0.89,0.87
14025155,53.0,47.0,2.06,0.59
14025156,47.0,53.0,2.16,1.92
14025157,36.0,64.0,1.32,1.22
14025158,49.0,51.0,1.49,0.19
14025159,68.0,32.0,1.87,1.14
14025160,37.0,63.0,0.85,1.1
14025161,64.0,36.0,0.74,1.16
14025162,41.0,59.0,1.12,0.53
14025163,53.0,47.0,1.01,0.6
14025164,54.0,46.0,1.34,0.69
14025165,63.0,37.0,0.76,1.65
14025166,57.0,43.0,0.9,0.7
14025167,55.0,45.0,1.97,1.88
14025168,45.0,55.0,1.51,1.91
14025169,41.0,59.0,1.84,0.43
14025170,56.0,44.0,2.5,1.33
14025171,64.0,36.0,2.42,0.71
14025172,29.0,71.0,1.04,0.78
14025173,47.0,53.0,1.0,2.75
14025174,70.0,30.0,1.77,1.61
14025175,57.0,43.0,0.66,2.31
14025176,65.0,35.0,1.78,0.49
14025177,53.0,47.0,2.18,0.29
14025178,56.0,44.0,1.78,0.48
14025179,54.0,46.0,2.24,1.79
14025181,48.0,52.0,1.11,0.92
14025182,34.0,66.0,1.06,3.44
14025183,69.0,31.0,1.39,0.31
14025184,44.0,56.0,2.02,2.08
14025185,41.0,59.0,1.51,0.6
14025186,57.0,43.0,0.72,1.52
14025187,60.0,40.0,1.81,2.28
14025188,66.0,34.0,3.13,1.44
14025189,53.0,47.0,2.46,2.23
14025190,28.0,72.0,2.92,2.14
14025191,53.0,47.0,2.94,1.34
14025192,58.0,42.0,2.2,1.03
14025194,63.0,37.0,2.55,0.42
14025195,39.0,61.0,1.88,1.19
14025196,41.0,59.0,1.84,0.82
14025197,43.0,57.0,0.63,2.53
14025198,49.0,51.0,1.89,1.9
14025199,69.0,31.0,2.03,0.41
14025200,53.0,47.0,1.85,2.48
14025202,37.0,63.0,0.61,2.04
14025203,35.0,65.0,1.11,0.57
14025204,48.0,52.0,2.32,0.33
14025205,65.0,35.0,1.68,1.66
14025206,50.0,50.0,0.81,0.56
14025207,47.0,53.0,0.3,0.24
14025208,51.0,49.0,0.87,1.15
14025209,65.0,35.0,1.8,0.53
14025210,41.0,59.0,1.03,0.63
14025211,54.0,46.0,1.12,0.88
14025212,56.0,44.0,1.37,1.42
14025213,66.0,34.0,1.41,0.38
14025214,68.0,32.0,2.77,0.49
14025215,67.0,33.0,1.46,1.35
14025216,43.0,57.0,1.54,1.33
14025217,55.0,45.0,1.16,0.4
14025218,57.0,43.0,1.13,1.38
14025219,30.0,70.0,0.7,0.85
14025220,35.0,65.0,0.2,2.0
14025221,53.0,47.0,1.0,1.95
14025223,50.0,50.0,2.03,1.53
14025224,53.0,47.0,2.67,1.56
14025225,57.0,43.0,1.68,0.53
14025226,66.0,34.0,2.1,0.98
14025227,50.0,50.0,1.84,0.71
14025228,47.0,53.0,2.31,1.22
14025229,51.0,49.0,3.45,0.3
14025230,35.0,65.0,1.07,0.66
14025231,42.0,58.0,0.56,0.92
14025232,43.0,57.0,1.27,1.28
14025233,46.0,54.0,0.91,1.45
14025234,53.0,47.0,3.08,0.85
14025235,31.0,69.0,0.45,2.63
14025236,49.0,51.0,3.66,2.72
14025237,52.0,48.0,4.44,2.03
14025238,54.0,46.0,1.41,0.85
14025239,37.0,63.0,0.44,1.87
14025240,63.0,37.0,2.14,1.19
14025241,64.0,36.0,2.75,1.34
14025242,62.0,38.0,1.47,0.88
14025243,71.0,29.0,2.38,0.81
14025244,67.0,33.0,1.54,1.07
14025245,50.0,50.0,2.35,1.67
14025246,33.0,67.0,1.27,1.18
14025247,41.0,59.0,0.65,0.83
14025248,34.0,66.0,0.55,1.45
14025249,53.0,47.0,0.75,0.32
14025250,43.0,57.0,0.7,2.17
14025252,44.0,56.0,0.91,1.62
14025253,52.0,48.0,0.58,0.37
14025254,46.0,54.0,3.04,2.52
14025255,60.0,40.0,0.92,0.45
14025256,56.0,44.0,0.92,0.86
14025257,47.0,53.0,0.81,1.18
14025258,48.0,52.0,1.09,2.31
14025259,34.0,66.0,2.75,2.3
14025260,67.0,33.0,2.31,3.14
14025261,68.0,32.0,0.9,1.31
14025262,40.0,60.0,1.93,1.76
14025263,54.0,46.0,1.74,1.72
14025264,68.0,32.0,2.08,0.69
14025265,41.0,59.0,1.49,0.65
14025266,56.0,44.0,0.84,1.16
14025267,44.0,56.0,1.29,1.12
14025268,70.0,30.0,1.55,1.26
14025269,51.0,49.0,2.14,1.53
14025270,32.0,68.0,0.88,2.24
14025271,57.0,43.0,2.28,1.43
14025272,39.0,61.0,2.06,2.94
14025273,50.0,50.0,3.07,0.5
14025274,43.0,57.0,1.43,1.13
14025275,46.0,54.0,0.42,2.42
14025276,73.0,27.0,1.59,0.89
14025277,36.0,64.0,0.7,0.54
14025278,60.0,40.0,1.45,0.3
14025279,63.0,37.0,1.39,0.24
14025280,45.0,55.0,0.89,2.66
14025281,53.0,47.0,1.19,0.41
14025282,42.0,58.0,0.74,1.37
14025283,48.0,52.0,2.22,0.72
14025284,45.0,55.0,0.9,1.58
14025285,41.0,59.0,1.93,1.12
14025286,57.0,43.0,1.02,1.85
14025288,59.0,41.0,2.08,0.7
14025289,48.0,52.0,0.1,3.68
14025290,49.0,51.0,1.18,0.44
14025291,37.0,63.0,1.75,0.52
14025292,33.0,67.0,1.87,0.25
14081789,74.0,26.0,3.2,1.31
14081790,50.0,50.0,1.44,0.54
14081791,45.0,55.0,1.59,0.87
14081792,62.0,38.0,2.06,1.68
14081793,49.0,51.0,2.34,1.35
14081794,39.0,61.0,2.29,1.7
14081795,38.0,62.0,1.1,0.75
14081796,43.0,57.0,2.34,1.53
14081797,57.0,43.0,1.37,0.6
14081798,77.0,23.0,1.91,0.49
14081799,61.0,39.0,2.79,1.33
14081800,58.0,42.0,1.83,0.87
14081801,29.0,71.0,0.41,1.38
14081802,33.0,67.0,0.75,1.95
14081803,37.0,63.0,1.58,1.22
14081804,42.0,58.0,1.0,0.35
14081805,50.0,50.0,2.56,1.08
14081806,48.0,52.0,0.22,0.59
14081807,52.0,48.0,2.41,1.0
14081808,35.0,65.0,3.7,1.08
14081809,48.0,52.0,2.07,1.31
14081810,33.0,67.0,0.92,2.52
14081811,70.0,30.0,1.38,0.2
14081812,54.0,46.0,0.48,0.55
14081813,32.0,68.0,1.94,0.57
14081814,70.0,30.0,0.48,0.66
14081815,48.0,52.0,1.71,0.21
14081816,36.0,64.0,1.22,1.28
14081817,42.0,58.0,0.8,1.05
14081818,44.0,56.0,0.66,0.43
14081819,71.0,29.0,2.0,0.77
14082849,62.0,38.0,1.29,0.87
14082850,46.0,54.0,2.89,1.01
14082851,69.0,31.0,0.73,1.43
14082852,68.0,32.0,0.64,1.86
14082853,40.0,60.0,1.26,1.1
14082854,44.0,56.0,0.56,3.43
14082855,29.0,71.0,0.21,2.13
14082856,71.0,29.0,1.64,0.36
14082857,54.0,46.0,2.04,0.81
14082858,68.0,32.0,2.44,0.93
14082859,41.0,59.0,1.51,0.29
14082860,58.0,42.0,1.74,0.57
14082861,56.0,44.0,0.83,0.41
14082862,35.0,65.0,0.5,2.68
14082864,49.0,51.0,1.95,1.12
14082865,18.0,82.0,2.14,1.93
14082866,50.0,50.0,0.68,0.74
14082867,62.0,38.0,1.09,1.81
14083092,71.0,29.0,0.51,0.71
14083093,54.0,46.0,1.22,1.06
14083094,47.0,53.0,3.53,0.46
14083095,49.0,51.0,1.88,0.66
14083096,45.0,55.0,1.32,1.27
14083097,52.0,48.0,2.36,0.62
14083098,40.0,60.0,0.88,1.43
14083099,65.0,35.0,2.71,0.49
14083100,53.0,47.0,2.3,0.14
14083101,51.0,49.0,1.52,0.83
14083102,61.0,39.0,1.16,1.31
14083103,36.0,64.0,1.2,2.0
14083104,53.0,47.0,0.96,0.82
14083105,47.0,53.0,3.02,1.02
14083106,48.0,52.0,1.7,0.22
14083107,61.0,39.0,1.48,0.46
14083108,74.0,26.0,2.92,1.19
14083109,40.0,60.0,0.91,1.06
14083110,63.0,37.0,0.8,1.36
14083111,55.0,45.0,0.5,1.61
14083112,46.0,54.0,1.2,0.98
14083113,77.0,23.0,2.73,1.13
14083114,52.0,48.0,0.85,1.84
14083115,39.0,61.0,0.58,3.31
14083116,43.0,57.0,1.94,1.6
14083117,73.0,27.0,2.09,0.48
14083118,39.0,61.0,1.11,0.75
14083119,65.0,35.0,0.96,1.04
14083120,47.0,53.0,1.7,1.29
14083121,52.0,48.0,0.67,1.37
14083122,54.0,46.0,1.42,1.46
14083123,68.0,32.0,0.77,1.47
14083124,49.0,51.0,1.44,3.49
14083125,33.0,67.0,1.09,1.82
14083126,46.0,54.0,1.34,1.63
14083127,50.0,50.0,2.07,2.14
14083128,39.0,61.0,0.43,1.74
14083129,67.0,33.0,1.12,0.71
14083130,68.0,32.0,2.0,0.8
14083131,41.0,59.0,0.7,0.99
14083132,57.0,43.0,0.71,2.54
14083133,59.0,41.0,1.49,0.72
14083134,58.0,42.0,2.23,1.02
14083135,52.0,48.0,1.93,0.93
14083136,36.0,64.0,1.61,1.6
14083137,61.0,39.0,0.63,0.38
14083138,45.0,55.0,1.21,1.37
14083139,40.0,60.0,0.79,2.53
14083140,52.0,48.0,1.49,1.09
14083141,56.0,44.0,1.57,0.63
14083142,45.0,55.0,1.68,1.95
14083143,60.0,40.0,1.02,1.51
14083144,69.0,31.0,2.24,1.59
14083145,56.0,44.0,1.3,2.9
14083146,41.0,59.0,2.61,0.65
14083147,65.0,35.0,0.35,1.1
14083148,59.0,41.0,2.13,1.32
14083149,34.0,66.0,1.06,0.51
14083150,38.0,62.0,1.39,1.17
14083151,44.0,56.0,1.15,0.69
14083152,54.0,46.0,1.27,1.04
14083153,58.0,42.0,2.03,0.94
14083154,36.0,64.0,1.33,0.25
14083155,38.0,62.0,2.51,2.83
14083156,47.0,53.0,2.29,1.41
14083157,43.0,57.0,0.5,1.07
14083158,58.0,42.0,2.46,1.55
14083159,61.0,39.0,0.61,0.22
14083160,41.0,59.0,1.05,0.48
14083161,32.0,68.0,1.85,0.84
14083162,62.0,38.0,1.18,0.68
14083163,48.0,52.0,1.19,0.32
14083164,52.0,48.0,1.36,1.83
14083165,46.0,54.0,1.01,1.17
14083166,69.0,31.0,0.75,0.8
14083167,50.0,50.0,0.62,1.11
14083168,80.0,20.0,2.41,0.37
14083171,50.0,50.0,1.35,1.61
14083172,51.0,49.0,1.45,0.41
14083173,59.0,41.0,1.86,0.81
14083174,42.0,58.0,2.44,0.29
14083175,56.0,44.0,0.23,0.5
14083176,67.0,33.0,0.69,1.41
14083177,47.0,53.0,0.92,1.44
14083178,43.0,57.0,1.85,1.83
14083179,56.0,44.0,2.03,0.64
14083180,66.0,34.0,1.59,0.9
14083181,49.0,51.0,3.3,1.42
14083182,63.0,37.0,2.9,0.29
14083183,46.0,54.0,2.51,0.95
14083184,44.0,56.0,1.29,1.38
14083185,53.0,47.0,2.33,1.56
14083186,42.0,58.0,0.58,1.63
14083187,58.0,42.0,1.08,0.74
14083188,47.0,53.0,2.01,0.57
14083189,51.0,49.0,1.06,0.9
14083190,21.0,79.0,1.66,2.72
14083191,61.0,39.0,2.3,0.52
14083192,56.0,44.0,0.63,0.66
14083193,71.0,29.0,1.28,0.19
14083194,57.0,43.0,1.83,2.44
14083195,55.0,45.0,0.97,1.66
14083196,40.0,60.0,2.7,1.94
14083197,58.0,42.0,1.82,0.72
14083198,78.0,22.0,1.32,1.74
14083200,49.0,51.0,0.67,1.46
14083201,45.0,55.0,1.73,1.25
14083202,50.0,50.0,1.22,0.22
14083203,31.0,69.0,1.6,1.94
14083204,61.0,39.0,2.94,1.06
14083205,60.0,40.0,0.96,0.65
14083206,61.0,39.0,1.01,1.03
14083207,53.0,47.0,1.87,1.9
14083208,49.0,51.0,1.26,1.51
14083209,64.0,36.0,1.7,1.03
14083210,38.0,62.0,0.84,2.21
14083211,52.0,48.0,1.08,1.19
14083212,43.0,57.0,0.27,1.56
14083213,46.0,54.0,0.65,1.41
14083214,44.0,56.0,1.5,0.94
14083215,58.0,42.0,3.6,0.98
14083216,72.0,28.0,4.02,0.18
14083217,33.0,67.0,2.63,1.13
14083218,42.0,58.0,1.24,2.24
14083219,59.0,41.0,0.27,1.63
14083220,39.0,61.0,1.94,0.18
14083221,50.0,50.0,0.72,1.12
14083222,49.0,51.0,1.11,1.36
14083223,53.0,47.0,2.37,0.72
14083224,60.0,40.0,1.07,1.02
14083225,60.0,40.0,2.5,0.64
14083226,49.0,51.0,1.87,1.11
14083227,47.0,53.0,1.37,0.92
14083228,50.0,50.0,1.54,3.0
14083229,49.0,51.0,1.07,1.95
14083230,55.0,45.0,0.62,0.89
14083231,61.0,39.0,1.43,0.4
14083232,51.0,49.0,1.37,1.34
14083233,54.0,46.0,1.78,0.85
14083234,38.0,62.0,2.46,2.23
14083235,51.0,49.0,2.79,2.08
14083236,50.0,50.0,0.67,1.74
14083237,28.0,72.0,1.01,3.68
14083238,70.0,30.0,2.88,0.8
14083239,58.0,42.0,2.38,2.23
14083240,48.0,52.0,0.75,0.46
14083241,45.0,55.0,0.37,0.86
14083242,54.0,46.0,2.09,0.8
14083243,36.0,64.0,1.59,1.09
14083244,39.0,61.0,1.0,6.44
14083245,25.0,75.0,1.14,1.79
14083246,58.0,42.0,1.08,0.09
14083247,39.0,61.0,0.43,0.18
14083248,47.0,53.0,1.89,1.98
14083249,33.0,67.0,0.73,2.12
14083251,34.0,66.0,1.4,0.65
14083252,60.0,40.0,0.99,0.4
14083253,53.0,47.0,0.4,0.95
14083254,57.0,43.0,2.21,1.03
14083255,37.0,63.0,1.4,1.56
14083256,64.0,36.0,2.23,2.42
14083257,60.0,40.0,2.02,1.91
14083258,35.0,65.0,0.54,1.21
14083259,48.0,52.0,0.95,0.48
14083260,55.0,45.0,2.08,0.51
14083261,61.0,39.0,1.3,0.8
14083262,71.0,29.0,1.97,0.27
14083263,65.0,35.0,0.67,0.7
14083265,43.0,57.0,1.53,0.28
14083266,50.0,50.0,2.47,0.84
14083269,76.0,24.0,2.73,0.8
14083270,59.0,41.0,1.82,1.68
14083275,61.0,39.0,1.55,1.09
14083279,57.0,43.0,2.39,0.67
14083282,58.0,42.0,0.8,1.39
14083285,35.0,65.0,0.5,2.88
14083292,34.0,66.0,2.63,1.27
14083295,61.0,39.0,1.62,1.76
14083298,44.0,56.0,1.88,0.49
14083303,49.0,51.0,0.77,0.51
14083306,72.0,28.0,2.78,1.01
14083310,43.0,57.0,0.6,2.26
14083315,51.0,49.0,0.78,2.56
14083318,56.0,44.0,1.38,1.04
14083322,59.0,41.0,1.08,0.81
14083327,40.0,60.0,0.44,0.96
14083330,52.0,48.0,1.6,1.96
14083333,72.0,28.0,1.18,0.96
14083346,67.0,33.0,1.89,0.12
14083351,66.0,34.0,2.55,1.8
14083360,64.0,36.0,1.7,0.77
14083364,50.0,50.0,0.49,0.97
14083369,67.0,33.0,1.46,0.78
14083378,44.0,56.0,1.48,0.6
14083386,61.0,39.0,3.61,1.6
14083396,47.0,53.0,0.61,0.6
14083401,33.0,67.0,1.05,1.71
14083407,56.0,44.0,2.57,0.74
14083418,52.0,48.0,3.12,1.73
14083426,37.0,63.0,1.6,3.94
14083436,26.0,74.0,0.27,1.13
14083443,65.0,35.0,0.97,1.95
14083454,54.0,46.0,0.34,1.29
14083457,59.0,41.0,1.72,1.09
14083462,46.0,54.0,0.24,0.57
14083472,41.0,59.0,1.61,0.7
14083476,53.0,47.0,1.09,2.04
14083481,21.0,79.0,1.04,2.07
14083491,29.0,71.0,2.86,2.72
14083495,30.0,70.0,0.8,1.29
14083498,47.0,53.0,0.83,0.33
14083509,65.0,35.0,1.1,2.04
14083512,53.0,47.0,2.36,0.76
14083516,40.0,60.0,0.9,0.82
14083524,43.0,57.0,0.77,2.36
14083528,64.0,36.0,2.76,0.76
14083537,44.0,56.0,1.94,2.22
14083541,37.0,63.0,2.34,0.66
14083549,46.0,54.0,2.97,0.82
14083553,75.0,25.0,2.22,0.97
14083561,61.0,39.0,3.12,1.06
14083564,51.0,49.0,0.76,0.7
14083567,73.0,27.0,2.88,0.53
14083569,54.0,46.0,0.55,1.24
14083572,47.0,53.0,1.86,0.88
14083574,64.0,36.0,1.89,0.63
14083577,57.0,43.0,2.51,0.04
14083580,39.0,61.0,0.74,0.78
14083582,31.0,69.0,0.32,0.32
14083586,42.0,58.0,1.22,1.44
14083589,62.0,38.0,3.58,0.77
14083591,48.0,52.0,1.56,0.32
14083595,60.0,40.0,1.08,1.08
14083597,30.0,70.0,0.85,0.4
14083601,57.0,43.0,1.51,0.77
14083602,52.0,48.0,2.31,0.41
14083605,47.0,53.0,2.42,0.38
14083607,37.0,63.0,1.04,0.86
14083610,52.0,48.0,2.05,0.32
14083612,66.0,34.0,1.63,1.18
14083615,45.0,55.0,1.02,1.14
14083617,61.0,39.0,3.66,0.83
14083620,70.0,30.0,3.52,1.0
14083622,52.0,48.0,1.47,0.75
14083625,59.0,41.0,1.92,0.3
14083627,42.0,58.0,0.87,0.61
14083630,39.0,61.0,2.8,2.25
14083632,47.0,53.0,1.61,1.84
14083635,50.0,50.0,2.28,1.4
14083637,47.0,53.0,1.37,0.84
14083642,68.0,32.0,2.25,1.3
14083645,57.0,43.0,1.31,1.94
14083647,58.0,42.0,1.88,1.2
14083650,51.0,49.0,0.79,0.8
14083652,49.0,51.0,2.13,0.65
14083655,63.0,37.0,0.74,0.45
14083657,39.0,61.0,1.26,0.47
14083659,59.0,41.0,2.58,1.14
14083662,61.0,39.0,1.39,1.56
14083664,68.0,32.0,1.61,1.55
14083668,47.0,53.0,1.6,1.37
14083670,41.0,59.0,0.95,1.55
14083673,66.0,34.0,1.75,1.51
14083675,24.0,76.0,0.52,2.3
14083678,38.0,62.0,2.36,1.34
14083680,54.0,46.0,0.91,1.55
14083684,59.0,41.0,0.4,1.81
14083685,69.0,31.0,1.08,0.25
14083689,55.0,45.0,1.84,1.83
14083690,40.0,60.0,0.66,1.18
14083694,61.0,39.0,0.77,3.74
14083697,60.0,40.0,1.39,0.44
14083699,58.0,42.0,1.26,1.85
14083701,59.0,41.0,2.78,0.28
14083704,57.0,43.0,0.39,0.93
14083708,65.0,35.0,2.03,1.79
14083712,40.0,60.0,1.61,0.23
14083717,57.0,43.0,0.8,2.18
14083721,54.0,46.0,1.18,0.84
14083725,57.0,43.0,1.07,0.6
14083729,32.0,68.0,3.63,1.03
14083733,61.0,39.0,2.31,1.96
14083737,32.0,68.0,1.93,0.86
14083742,63.0,37.0,1.58,2.08
14147154,38.0,62.0,0.98,0.69
14311407,52.0,48.0,0.73,1.19
14504827,44.0,56.0,0.35,2.37
14652471,58.0,42.0,0.43,0.82
14723574,70.0,30.0,1.71,0.21
14723615,61.0,39.0,1.22,0.89
14907281,50.0,50.0,1.5,0.67
14912436,37.0,63.0,0.41,4.24
15035359,57.0,43.0,3.4,1.94
15129439,58.0,42.0,0.7,1.38
15129444,44.0,56.0,1.52,0.06
15129445,67.0,33.0,1.02,1.29
15238290,48.0,52.0,0.63,1.27
15398993,59.0,41.0,0.92,2.4
15408501,50.0,50.0,2.56,1.33
15534915,52.0,48.0,2.51,0.99
16363236,73.0,27.0,3.77,0.29
16363238,56.0,44.0,0.66,0.47
16363242,40.0,60.0,3.87,0.57
16363243,66.0,34.0,2.25,0.65
16363244,62.0,38.0,1.33,2.24
16363245,39.0,61.0,0.33,1.04
16363246,39.0,61.0,1.58,2.98
16363247,59.0,41.0,2.16,1.84
16363249,26.0,74.0,2.93,1.41
16363250,69.0,31.0,1.29,0.72
16363252,28.0,72.0,0.66,2.21
16363253,60.0,40.0,4.77,2.06
16363254,69.0,31.0,1.75,2.3
16363255,41.0,59.0,2.02,0.95
16363256,58.0,42.0,1.12,0.72
16363257,55.0,45.0,2.05,0.39
16363258,67.0,33.0,2.19,2.49
16363259,45.0,55.0,1.01,0.69
16363260,49.0,51.0,1.21,1.71
16363261,45.0,55.0,0.75,0.69
16363262,26.0,74.0,0.57,1.93
16363263,78.0,22.0,2.12,1.37
16363264,56.0,44.0,1.28,0.7
16363266,47.0,53.0,1.46,1.67
16363269,64.0,36.0,3.14,1.97
16363633,64.0,36.0,1.88,0.2
16363634,28.0,72.0,1.01,1.83
16363635,42.0,58.0,1.12,1.96
16363636,38.0,62.0,1.8,0.66
16363637,58.0,42.0,0.71,1.37
16363638,41.0,59.0,0.92,1.06
16363639,54.0,46.0,0.82,2.28
16363640,57.0,43.0,1.75,0.5
16363641,68.0,32.0,0.91,1.38
16363642,31.0,69.0,1.33,2.81
16363643,46.0,54.0,0.62,1.68
16363644,50.0,50.0,1.99,0.88
16363645,55.0,45.0,1.0,1.1
16363646,43.0,57.0,1.8,1.88
16363647,62.0,38.0,0.69,1.11
16363648,46.0,54.0,0.79,1.65
16363649,40.0,60.0,2.65,0.83
16363650,40.0,60.0,1.31,1.63
16363651,52.0,48.0,2.24,1.44
16363652,42.0,58.0,1.62,1.6
16363866,51.0,49.0,1.31,1.06
16363867,55.0,45.0,2.82,3.57
16363868,56.0,44.0,1.44,1.59
16363869,62.0,38.0,1.1,0.67
16363870,64.0,36.0,1.56,1.16
16416290,24.0,76.0,0.73,1.74
16416291,45.0,55.0,1.42,1.4
16416292,48.0,52.0,0.42,2.0
16416293,48.0,52.0,1.24,1.36
16416294,62.0,38.0,4.27,0.45
16416295,69.0,31.0,3.04,1.21
16416296,46.0,54.0,0.7,1.28
16416297,54.0,46.0,1.59,2.71
16416298,45.0,55.0,0.7,0.62
16416299,66.0,34.0,1.05,1.61
16416300,43.0,57.0,1.24,1.31
16416301,65.0,35.0,1.37,1.26
16416302,52.0,48.0,0.78,3.6
16416303,44.0,56.0,0.95,0.52
16416304,40.0,60.0,1.72,1.03
16416305,37.0,63.0,0.53,1.01
16416306,37.0,63.0,1.05,2.71
16416307,55.0,45.0,1.95,1.12
16416308,54.0,46.0,0.75,2.78
16416309,40.0,60.0,2.76,1.92
16416310,51.0,49.0,1.94,0.77
16416311,46.0,54.0,0.7,4.38
16416312,56.0,44.0,2.62,0.71
16416313,43.0,57.0,2.09,0.8
16416314,45.0,55.0,1.68,0.68
16416315,42.0,58.0,0.93,3.46
16416316,42.0,58.0,0.9,0.93
16416317,38.0,62.0,1.41,1.02
16416318,50.0,50.0,1.2,1.64
16416319,59.0,41.0,2.37,0.57
16416320,63.0,37.0,1.59,0.98
16416321,49.0,51.0,1.61,0.48
16416322,67.0,33.0,1.6,0.84
16416323,56.0,44.0,1.23,0.53
16416324,63.0,37.0,1.2,0.83
16416325,27.0,73.0,0.66,4.08
16416326,36.0,64.0,0.78,0.87
16416327,61.0,39.0,1.05,1.43
16416328,57.0,43.0,2.01,1.98
16416329,25.0,75.0,2.42,2.58
16416330,46.0,54.0,0.93,0.1
16416331,56.0,44.0,2.62,1.21
16416332,54.0,46.0,0.27,2.05
16416333,62.0,38.0,1.88,3.75
16416334,43.0,57.0,1.04,0.79
16416335,68.0,32.0,3.97,0.48
16416336,75.0,25.0,1.89,0.29
16416337,68.0,32.0,1.62,0.05
16416338,37.0,63.0,0.57,3.2
16416339,61.0,39.0,2.35,0.3
16416340,51.0,49.0,1.05,0.43
16416342,56.0,44.0,0.78,3.61
16416343,53.0,47.0,0.14,0.73
16416344,41.0,59.0,2.14,0.75
16416345,55.0,45.0,1.71,1.65
16416346,69.0,31.0,6.74,1.98
16416347,46.0,54.0,1.9,0.43
16416348,30.0,70.0,0.65,1.03
16416349,31.0,69.0,0.4,3.47
16421047,52.0,48.0,1.93,0.24
16421049,42.0,58.0,1.12,0.71
16421050,39.0,61.0,0.34,1.23
16421051,51.0,49.0,3.18,0.65
16421052,49.0,51.0,2.19,1.89
16421053,54.0,46.0,1.47,0.19
16421055,53.0,47.0,0.92,0.15
16421059,70.0,30.0,4.23,0.25
16421061,41.0,59.0,1.87,0.67
16815992,52.0,48.0,0.14,2.6
